{"negative": {"precision": 0.9480354879594424, "recall": 0.9412751677852349, "f1-score": 0.9446432330035782, "support": 4768}, "neutral": {"precision": 0.9585144211774003, "recall": 0.9588932806324111, "f1-score": 0.9587038134755977, "support": 5060}, "positive": {"precision": 0.9531767302538231, "recall": 0.9580098241166217, "f1-score": 0.9555871661134818, "support": 6311}, "accuracy": 0.9533428341285086, "macro avg": {"precision": 0.953242213130222, "recall": 0.9527260908447559, "f1-score": 0.9529780708642193, "support": 16139}, "weighted avg": {"precision": 0.9533313416184487, "recall": 0.9533428341285086, "f1-score": 0.9533311132343869, "support": 16139}}