{"negative": {"precision": 0.8764255810596218, "recall": 0.8449547668754349, "f1-score": 0.8604024943310657, "support": 7185}, "neutral": {"precision": 0.5159857904085258, "recall": 0.5914489311163895, "f1-score": 0.5511462450592884, "support": 2947}, "positive": {"precision": 0.8588279348436623, "recall": 0.8306772908366534, "f1-score": 0.8445180889257111, "support": 5522}, "very negative": {"precision": 0.6781002638522428, "recall": 0.7138888888888889, "f1-score": 0.6955345060893099, "support": 360}, "very positive": {"precision": 0.6754385964912281, "recall": 0.616, "f1-score": 0.6443514644351465, "support": 125}, "accuracy": 0.7890823471094863, "macro avg": {"precision": 0.7209556333310562, "recall": 0.7193939755434734, "f1-score": 0.7191905597681043, "support": 16139}, "weighted avg": {"precision": 0.798607206146739, "recall": 0.7890823471094863, "f1-score": 0.793146114892667, "support": 16139}}